OUTCOME,OCCURRENCE,LIKELIHOOD
Serious,12460,0.253814345
Other,35787,0.728993094
Fatal,844,0.017192561
