OUTCOME,OCCURENCE,LIKELIHOOD
Injury,6439,0.573681397
Serious,4560,0.406272274
Fatal,224,0.019957234
Nothing,1,8.90948E-05
